direction,AUC,AUPR,LogAUC,recall_1,recall_5,recall_10,recall_25,recall_50,EF_1,EF_5,EF_10,EF_25,EF_50
dtb,0.7040128203161997,0.038508442957890604,0.0995643888278341,0.9994058229352347,0.40047534165181226,0.40047534165181226,0.40047534165181226,0.40047534165181226,0.0243612596553773,0.11824123588829472,0.23054070112893643,0.5377302436125966,0.8051099227569816