direction,AUC,AUPR,LogAUC,recall_1,recall_5,recall_10,recall_25,recall_50,EF_1,EF_5,EF_10,EF_25,EF_50
dtb,0.7831209668934331,0.07724600755003096,0.22641292111644587,0.976232917409388,0.7421271538918598,0.3374925727866904,0.14913844325609033,0.14913844325609033,0.0510992275698158,0.26856803327391565,0.45573380867498514,0.7082590612002376,0.8621509209744503