direction,AUC,AUPR,LogAUC,recall_1,recall_5,recall_10,recall_25,recall_50,EF_1,EF_5,EF_10,EF_25,EF_50
dtb,0.806492654369676,0.08119497151096217,0.23700511178965164,0.9994058229352347,0.7736185383244206,0.3422459893048128,0.008318478906714201,0.008318478906714201,0.062388591800356503,0.27629233511586454,0.4563279857397504,0.7320261437908496,0.8781937017231135